;RF0610;RF0620;RF0811;RF0812;RF0893;RF0899;RF1011
1990-01-31;1,017042;0,99002;3,33464;4,221116;6,670964;-0,592422;1,006307
1990-02-28;0,999503;1,010649;1,902423;0,94711;-4,981494;2,269766;1,001776
1990-03-31;1,035474;1,010229;9,639813;2,016481;6,647946;3,173317;0,988648
1990-04-30;1,000002;1,020757;-12,341519;-5,618767;-4,338557;-10,051354;0,995082
1990-05-31;0,990003;0,985779;-5,12773;7,442346;0,363589;1,967323;1,013083
1990-06-30;0,991241;0,881717;-1,886324;-2,226138;-4,187145;-4,912976;0,978464
1990-07-31;0,845266;0,112454;-6,633598;-0,405671;0,286359;-3,983589;0,991656
1990-08-31;1,001116;0,601727;33,027242;0,992337;0,573187;4,008875;1,029664
1990-09-30;1,003593;1,081745;-23,440108;-5,368885;-3,18722;-38,656881;0,930489
1990-10-31;1,005548;1,021919;12,585432;1,969172;6,202101;5,437711;1,037987
1990-11-30;1,003812;0,994317;11,529713;3,838977;-0,021274;7,387354;1,028309
1990-12-31;1,004254;0,953726;-0,578713;-14,284457;0,339482;-6,408386;0,954483
1991-01-31;0,996567;0,9919;-0,289285;1,598842;-2,412632;1,358676;1,031129
1991-02-28;0,987576;0,991517;-2,581149;-25,688719;-2,355306;-2,101509;1,00568
1991-03-31;0,995465;1,002987;-13,291592;-5,288916;18,650011;-6,377567;0,97166
1991-04-30;1,001555;0,986093;0,202357;6,104365;-9,184873;1,877837;1,008987
1991-05-31;1,007519;1,014237;4,987164;1,071977;21,981982;2,223399;0,994599
1991-06-30;1,007275;1,438582;-3,710448;-2,553748;-3,962954;-1,500501;0,938595
1991-07-31;0,98827;1,043422;4,776585;4,352513;0,881847;9,19227;1,047773
1991-08-31;0,999961;0,950273;-3,862816;-2,334929;-0,605582;-3,111584;0,99092
1991-09-30;1,001798;0,763754;0,347609;-1,596151;-0,596987;-5,678582;0,993774
1991-10-31;1,009072;0,949242;10,433116;4,974869;0,452632;3,419663;1,046497
1991-11-30;0,997436;1,014897;-9,958578;-2,384373;-3,732068;-1,293705;0,929898
1991-12-31;0,998293;1,03277;-10,467733;-2,535891;2,254643;5,22954;0,992092
1992-01-31;0,989809;0,997565;6,175432;-1,812397;-0,919687;1,717275;1,019295
1992-02-29;1,039261;1,008216;0,432558;-0,634871;8,2029;-2,643173;0,975302
1992-03-31;1,00564;0,980832;2,846295;3,696591;-7,189502;-2,597679;0,987434
1992-04-30;1,003664;0,991715;14,233819;3,962887;4,288454;10,346475;1,056773
1992-05-31;0,996715;1,035758;-4,325002;-2,565165;-9,92908;-6,578911;0,898611
1992-06-30;0,990351;1,005582;2,175569;-0,178527;1,418546;15,496081;1,020383
1992-07-31;1,014193;0,999062;2,33799;-1,173254;0,07324;-0,784238;1,017079
1992-08-31;1,00594;0,978611;-5,639868;-3,129226;5,371135;-13,869125;0,952433
1992-09-30;0,996583;0,948324;-8,338773;3,143608;4,973849;0,654927;1,024813
1992-10-31;0,977977;1,077728;-10,914723;-1,5003;-4,219443;-0,801072;0,967197
1992-11-30;0,989095;0,962409;3,86242;1,297909;10,466625;-2,372683;0,994183
1992-12-31;0,998622;0,981192;3,338873;-0,902258;-8,646223;-0,351383;1,058198
1993-01-31;1,001054;1,026156;-29,631346;-0,717562;-3,982452;1,900807;0,929532
1993-02-28;1,017906;0,992893;8,946934;4,035311;4,900423;2,3198;1,005287
1993-03-31;0,992185;1,017923;2,075977;-2,114538;-4,767851;5,138891;1,02643
1993-04-30;1,026979;1,00092;1,959508;0,444107;0,209044;-0,230433;0,979983
1993-05-31;1,007311;0,990444;-20,142711;-3,47881;-0,739391;-7,186841;0,902959
1993-06-30;0,994217;0,972472;-3,042464;2,17052;3,314666;-0,921263;1,052981
1993-07-31;0,999522;1,0135;6,667762;1,421501;1,475314;1,349253;0,97977
1993-08-31;0,977605;1,046194;1,19978;1,426825;-5,640437;-6,168432;0,999079
1993-09-30;0,97525;0,69566;12,101352;2,448339;3,739196;7,088387;1,015512
1993-10-31;0,996997;0,941445;-10,171522;-7,296675;-2,346053;-4,096803;0,96024
1993-11-30;1,011898;1,067351;-6,994637;-5,017334;6,103501;3,187267;1,032483
1993-12-31;1,032957;1,042731;7,598937;3,549594;0,615616;4,748009;1,012127
1994-01-31;1,011275;0,800737;-4,039406;0,983908;23,347032;-3,269785;0,974245
1994-02-28;0,994886;1,002544;-21,35806;-4,36276;-5,523948;-3,771883;0,998358
1994-03-31;1,001424;0,990943;16,353498;5,640777;-12,376178;-1,491253;1,040756
1994-04-30;0,990921;0,999371;-16,991836;-4,272368;1,930485;0,351552;0,981797
1994-05-31;0,994447;0,922572;14,437998;1,96474;4,531437;4,754034;0,985551
1994-06-30;1,020413;1,067392;9,495302;3,259569;3,007138;2,698397;1,004645
1994-07-31;0,991426;1,007564;-9,85571;-7,610281;2,199836;-1,148979;0,948445
1994-08-31;1,000439;1,044821;6,761615;5,68364;-4,187286;-2,314835;1,043267
1994-09-30;1,013766;0,798418;-6,612909;-1,722748;-7,006438;0,364654;1,008618
1994-10-31;0,992622;0,958241;0,721885;-8,41199;15,827057;-1,902076;0,981648
1994-11-30;1,005346;0,995611;-0,103597;4,897411;-4,45818;-1,160598;1,021156
1994-12-31;0,998713;0,9883;-4,203754;4,637363;12,04291;16,063251;0,985787
1995-01-31;0,989008;1,03413;1,6629;-4,283601;1,502379;-2,065876;0,992223
1995-02-28;0,990971;0,997759;-3,679633;0,580664;-11,275196;3,560646;1,000563
1995-03-31;1,016562;0,9796;0,039691;-0,113696;5,741696;3,826233;1,022696
1995-04-30;0,991599;0,979337;-1,076884;-5,051548;-1,533685;-5,176829;0,962251
1995-05-31;1,001858;1,086534;8,363743;4,510813;0,461036;0,237185;1,038285
1995-06-30;1,012854;0,641133;5,779517;0,999077;0,831215;4,191075;0,999745
1995-07-31;0,984758;0,674072;-10,684168;-5,546275;-2,887124;-12,326107;0,965247
1995-08-31;1,005245;0,959593;4,234141;2,342672;9,334325;14,845059;1,033881
1995-09-30;0,993205;1,103375;4,30633;-0,082761;-0,941516;-1,226584;0,976385
1995-10-31;1,014147;1,021481;-6,964454;2,368117;-5,500101;-5,745885;1,015619
1995-11-30;1,100782;0,994583;8,405641;6,027918;-8,137755;-0,489894;1,006917
1995-12-31;0,990284;0,967214;-18,595837;-6,074095;2,76785;-13,590663;0,931586
1996-01-31;1,012068;0,994066;7,163197;2,73701;-0,036978;12,062628;1,061351
1996-02-29;0,995743;1,006636;4,311842;-9,527599;4,642218;2,006313;1,023066
1996-03-31;0,986238;1,039301;-23,210661;-4,519075;6,287005;3,195407;0,953888
1996-04-30;1,008943;1,019488;0,459335;6,09976;2,604001;-2,03355;1,000278
1996-05-31;1,001296;1,158036;0,309362;2,063716;0,605705;1,486586;1,031606
1996-06-30;0,997594;0,946338;-12,970512;-3,761237;-6,954885;-3,373924;0,972646
1996-07-31;1,005092;0,614046;11,710234;8,579157;-6,52516;-0,546163;1,134761
1996-08-31;1,015826;0,968469;0,14842;-1,116525;-4,379801;5,639564;1,066605
1996-09-30;0,99658;1,162929;-6,704546;-3,550143;-2,414893;-0,769545;1,034682
1996-10-31;0,984741;1,049239;17,408854;4,334377;7,616627;6,828004;1,081273
1996-11-30;1,004268;1,013987;-6,114292;-5,085232;5,269305;-2,763681;0,989342
1996-12-31;1,000797;1,002807;5,076794;0,37498;-28,732723;-8,825516;1,012151
1997-01-31;0,99299;0,992585;-0,77005;-14,433638;1,962306;-4,368796;1,047059
1997-02-28;1,024912;0,975502;7,576663;5,542297;12,221696;0,220396;1,018645
1997-03-31;0,997752;0,982542;-8,675386;-4,076483;-31,960174;-4,179117;0,970771
1997-04-30;1,006472;1,001918;48,093852;14,460855;9,165119;7,279475;1,124114
1997-05-31;0,994133;0,998427;-5,465926;-1,050428;-9,297733;3,763123;0,9904
1997-06-30;0,97195;1,051244;0,452836;-1,597453;5,823623;0,88411;0,99533
1997-07-31;1,009267;1,015811;-0,153624;5,504778;7,160287;0,167827;1,046738
1997-08-31;0,984134;0,981896;-10,134632;-3,53141;-3,186268;3,017605;0,94446
1997-09-30;1,002378;0,991879;4,890728;2,230673;2,451373;-6,922058;1,019074
1997-10-31;1,008893;0,973252;9,109277;3,419903;3,091367;12,668752;1,025373
1997-11-30;0,991096;0,97709;3,300367;-4,000471;-9,829439;-1,904837;0,94544
1997-12-31;1,015374;1,030838;5,985625;-1,933703;-2,564858;-1,836585;1,029444
1998-01-31;0,999441;1,017074;-8,819827;0,283471;7,619412;4,269279;0,995995
1998-02-28;0,998901;1,011906;-4,639607;1,717273;-3,897057;0,419007;0,966841
1998-03-31;1,003448;0,916322;9,073559;1,981645;5,761079;-1,82757;1,015984
1998-04-30;1,001895;1,068822;-1,086967;-0,111933;-9,955385;26,99234;1,041415
1998-05-31;0,995132;0,91492;-27,858815;-4,36745;3,609311;-2,14904;0,935312
1998-06-30;0,990094;0,96941;-1,350909;2,356075;-4,273931;-1,260168;1,018711
1998-07-31;1,012116;1,040258;3,44319;-0,368807;-7,483006;2,472062;1,02248
1998-08-31;0,99401;1,010755;-3,779065;-2,605346;5,765835;-4,676049;0,970217
1998-09-30;1,001399;0,98167;22,779187;4,136748;4,776601;3,247766;1,023723
1998-10-31;0,997565;1,006262;-32,795804;-0,741581;-1,468823;3,327681;0,969861
1998-11-30;1,048135;1,030776;1,690367;-1,719595;7,368665;-1,52398;1,01261
1998-12-31;1,005382;0,999633;5,465823;4,259994;-22,18204;4,178618;1,030734
1999-01-31;1,001749;0,96307;-7,511704;-0,175714;-2,907754;-0,690149;0,966022
1999-02-28;1,002222;0,98497;-7,231364;-7,68585;-0,245289;-2,065237;1,003048
1999-03-31;1,003224;1,112942;-0,604592;2,297143;-3,634086;0,22901;1,111087
1999-04-30;0,99012;0,96161;5,141242;0,992701;-4,703053;1,13672;0,97387
1999-05-31;0,886616;0,414884;-3,034674;-2,027699;3,107669;-4,900228;0,979987
1999-06-30;0,994484;0,999131;10,086318;7,808252;3,980777;14,222938;1,038397
1999-07-31;1,006165;1,116511;-0,640594;-3,205416;1,566748;0,650453;0,990221
1999-08-31;1,006168;0,999137;5,491477;1,186583;2,084309;0,381047;1,011542
1999-09-30;0,99368;1,023911;26,928663;1,630129;2,511228;4,261;1,009063
1999-10-31;1,006726;1,00971;-7,440704;-8,247711;-4,063495;-4,9255;0,960479
1999-11-30;1,002113;1,00513;-5,077505;-0,581877;-2,893133;2,755826;1,035635
1999-12-31;0,897027;0,958369;6,731964;1,334493;0,58966;18,508953;0,997031
2000-01-31;0,926164;0,994404;0,857086;-2,3695;-5,117735;-5,937775;0,957637
2000-02-29;0,96583;1,046608;-0,783324;7,415538;6,915541;0,984335;1,016204
2000-03-31;0,939401;1,010794;2,844067;6,986079;-6,48678;4,984016;1,038984
2000-04-30;0,849446;0,991973;-22,52651;-5,193891;7,49859;-2,761978;0,913017
2000-05-31;0,897767;0,862149;3,507558;15,85981;19,079584;15,857105;1,055988
2000-06-30;0,956536;0,535154;-4,430636;-5,970449;-1,958595;-3,230938;0,993303
2000-07-31;0,941863;0,979894;-6,946073;-7,442179;2,351688;-10,237577;0,951608
2000-08-31;0,996462;1,045911;26,162869;4,450615;-4,016384;0,395553;1,038134
2000-09-30;0,978923;0,979484;3,701732;-2,564355;-7,847212;2,119985;0,990503
2000-10-31;0,9674;1,001395;7,532955;-1,572218;-3,410317;1,915556;0,96553
2000-11-30;0,961724;1,026582;5,873341;5,560811;-0,705457;2,22285;0,810322
2000-12-31;1,003565;1,004821;-18,972032;-0,648963;6,672341;2,688182;0,867001
2001-01-31;0,998945;1,008298;4,092767;4,763769;9,877317;0,510424;0,932793
2001-02-28;0,99252;0,960959;-4,656351;0,952459;0,647844;-0,971602;0,934376
2001-03-31;0,989965;0,995525;2,94212;-5,927659;7,271563;-2,016164;0,921592
2001-04-30;0,996262;1,003291;-33,038105;-7,02113;-5,311341;-5,704819;0,993791
2001-05-31;1,002111;1,011809;-6,021387;4,030279;-5,668156;3,646395;0,993414
2001-06-30;0,999675;1,129232;3,543447;-1,066785;-6,6107;2,884447;0,954885
2001-07-31;0,992686;0,982343;4,249379;2,530162;1,17001;-0,075963;0,977688
2001-08-31;1,002762;0,992097;2,698475;3,493201;1,952516;5,925366;1,00087
2001-09-30;1,006872;0,999492;0,344493;-9,272828;0,706829;-1,699266;0,943685
2001-10-31;1,004975;1,012766;-4,888398;2,896278;5,580507;-4,205349;1,069763
2001-11-30;0,993644;0,823048;-0,989275;2,063859;3,164233;3,92142;1,042043
2001-12-31;0,982901;0,797389;-6,352628;-11,403368;-16,575903;-6,650451;0,926557
2002-01-31;1,011235;1,078972;1,803806;1,386454;-13,02412;3,003782;1,030404
2002-02-28;0,991383;1,042557;9,028766;-0,92558;2,494403;-0,39076;0,999299
2002-03-31;1,032801;0,997983;-9,590458;-3,946091;-0,621638;-4,67932;0,97036
2002-04-30;1,045423;0,951369;1,314471;4,417242;11,933349;3,218289;0,988771
2002-05-31;0,994304;1,015978;12,93929;-0,40733;-19,231119;12,852309;1,012774
2002-06-30;0,991372;1,098258;-5,547804;-1,018638;6,056911;-11,55655;0,946181
2002-07-31;0,993995;1,017312;1,468998;10,159588;0,916925;3,005659;1,055258
2002-08-31;0,997523;0,986016;2,191197;-3,707582;-10,030505;-1,539595;0,980307
2002-09-30;1,005977;1,022985;-4,273218;0,426348;-0,071329;-5,982595;0,998965
2002-10-31;1,011796;0,954978;1,960681;2,376083;4,517485;4,243673;1,04477
2002-11-30;1,014579;0,948223;-6,314016;-2,761175;0,634236;-7,204742;0,96212
2002-12-31;0,982486;1,048623;-7,574264;0,870343;3,939724;-3,890111;0,986035
2003-01-31;0,969708;1,022813;2,763692;-3,444725;2,237339;4,57351;1,019212
2003-02-28;0,991888;0,986076;2,967433;-0,011587;-7,378621;4,956728;1,008573
2003-03-31;1,002163;1,003396;6,673622;1,941552;-2,160924;4,850774;0,96347
2003-04-30;1,012082;1,009834;8,205535;5,325589;1,23507;2,455518;1,040701
2003-05-31;1,007972;0,985859;-1,432422;-4,11521;-1,952792;-1,530743;0,961015
2003-06-30;1,005468;0,994212;-12,308659;-3,338179;-1,692796;-5,506574;1,004434
2003-07-31;1,000379;0,981233;4,695684;3,686757;0,048836;1,312732;1,026334
2003-08-31;0,963014;1,01533;-8,643653;-8,584089;3,248898;-3,34483;0,890036
2003-09-30;0,98797;1,016742;1,541228;2,993953;4,790135;-1,136389;1,021053
2003-10-31;0,990526;0,779261;8,468818;5,959744;-1,947782;8,720553;1,018288
2003-11-30;0,987643;0,988296;-14,299835;-3,880546;0,647504;-2,393987;0,927929
2003-12-31;1,023606;1,015501;-1,953576;-0,502402;-5,553844;4,607117;1,014301
2004-01-31;0,994467;0,982493;-5,782145;-3,988995;-18,914529;0,454143;0,978285
2004-02-29;1,021609;1,009358;12,982755;1,000732;10,882712;-3,30128;0,987036
2004-03-31;0,98245;0,990642;0,024994;6,029992;-1,315404;-3,742926;1,031574
2004-04-30;0,999842;1,015962;6,154614;-0,280153;-3,843969;1,161531;0,993308
2004-05-31;1,028135;1,006967;-5,06374;-4,172415;6,171426;-10,541837;0,909097
2004-06-30;0,997617;0,976287;6,589482;4,492506;4,1391;4,121647;1,06275
2004-07-31;1,005447;1,011105;-3,673259;-2,201408;-4,237028;-1,135101;0,994606
2004-08-31;0,990855;0,985555;-2,823026;-0,692855;3,996165;-1,831013;0,984263
2004-09-30;0,98735;1,008752;5,01096;2,318228;-3,332323;5,353606;1,010703
2004-10-31;0,959045;1,030683;-9,715107;-5,548884;0,262215;-6,651215;0,96427
2004-11-30;1,007308;0,981512;4,89036;0,927829;-1,400818;4,842526;1,012887
2004-12-31;1,012257;0,993091;9,410107;3,571908;-3,754928;-2,181552;1,027248
2005-01-31;1,046981;1,007226;2,009101;2,931802;-1,600817;-2,494692;0,979518
2005-02-28;0,986315;0,962877;-14,86612;-5,082512;-0,968348;1,721379;0,988868
2005-03-31;1,018149;1,001993;-5,881129;-6,343018;2,22775;1,491561;1,02696
2005-04-30;0,989288;1,004604;-2,253641;2,354439;5,953483;17,104118;0,990458
2005-05-31;0,991475;1,052332;-6,646972;5,703971;0,334792;0,190821;1,00011
2005-06-30;0,989287;1,110625;13,800078;1,10688;-0,2492;-2,477785;1,021063
2005-07-31;0,999436;0,987029;0,977473;-9,029677;0,39396;-14,672193;0,953702
2005-08-31;1,017216;0,915627;2,207274;4,754147;-15,605531;1,979084;1,020161
2005-09-30;1,006755;0,515083;1,428851;0,922636;3,448265;2,094319;1,014408
2005-10-31;0,999751;0,517439;-5,731115;-6,797366;-6,280584;-4,803163;0,959573
2005-11-30;0,994717;0,722695;5,964219;-0,184224;0,440774;2,151788;1,032296
2005-12-31;0,992665;0,911112;2,649529;1,213071;5,724663;8,778389;1,008838
2006-01-31;1,009658;0,908309;0,769372;1,11841;-0,132249;-4,647602;0,987264
2006-02-28;1,009621;0,920425;-3,109793;0,027475;-4,865045;-2,88595;0,997224
2006-03-31;0,987359;0,887848;0,269846;1,94435;0,008449;3,150811;1,029441
2006-04-30;0,996944;0,973792;-15,732421;-6,125092;8,301704;-1,365574;0,956555
2006-05-31;0,996103;0,962786;10,567812;6,926523;-3,617524;6,560685;1,033704
2006-06-30;1,008824;0,94889;2,823261;1,120957;-2,779686;5,064165;1,013856
2006-07-31;0,991983;0,872998;-12,651936;-7,435489;-16,868515;-5,681913;0,951403
2006-08-31;0,98729;0,992463;8,162647;1,395651;7,216342;-0,871001;1,032202
2006-09-30;1,014462;0,989768;-11,223605;-3,999271;-4,043788;-4,862225;0,976647
2006-10-31;1,006208;0,989781;-3,409434;0,205243;11,465594;-3,568309;0,998455
2006-11-30;1,014195;1,051657;1,81412;7,591928;-3,835045;-0,330649;1,022601
2006-12-31;0,986785;0,992037;8,663707;-2,230014;-20,941009;6,020789;0,953803
2007-01-31;0,899262;0,955973;1,754233;1,524528;15,189811;3,810905;1,037546
2007-02-28;0,842976;0,999788;-5,993221;3,159204;1,487738;-0,526453;1,004878
2007-03-31;0,950231;1,029584;6,666797;-1,74955;3,373911;0,933171;0,978979
2007-04-30;0,959471;0,611451;0,954301;-3,262188;-8,494383;-1,592661;0,999136
2007-05-31;0,982259;0,950006;1,509838;-1,221432;0,665463;-3,476652;1,023265
2007-06-30;0,98863;1,047964;-14,605894;-1,887841;-6,225944;-0,334196;0,972965
2007-07-31;0,995576;1,003267;-1,204318;4,136643;8,548362;-2,592206;1,021155
2007-08-31;0,986236;0,995101;-1,578823;-0,408672;-5,516087;3,467016;1,019865
2007-09-30;0,98533;1,021417;-0,012632;-10,448739;2,033048;-22,615814;0,920761
2007-10-31;0,993586;1,034149;7,37754;3,877947;0,280651;3,166767;1,03936
2007-11-30;0,990698;0,954041;-4,514096;-1,645369;3,832177;-1,762118;0,990282
2007-12-31;1,002297;0,989395;-15,847146;-13,924131;2,369165;-1,951041;0,919905
2008-01-31;1,00073;0,994945;10,116453;3,621691;-2,094398;-19,613231;1,011822
2008-02-29;1,018193;0,98205;7,576977;7,469437;-2,983671;16,443216;1,029021
2008-03-31;0,991194;1,013381;-20,438702;-14,876754;-0,03457;-18,111695;0,905414
2008-04-30;1,001089;1,016718;6,674902;3,57912;-15,228223;19,525212;1,033126
2008-05-31;0,973855;0,99592;-9,189429;-4,398651;2,792038;4,024167;0,981962
2008-06-30;1,000889;1,007639;-5,702545;-2,026004;4,272745;2,117284;0,96525
2008-07-31;1,042958;1,010996;4,138626;4,082506;6,553991;6,611368;1,05781
2008-08-31;1,01471;1,026084;-0,356849;-7,365756;1,852367;-3,832411;0,944658
2008-09-30;0,994088;0,761949;-7,299069;4,869085;1,799839;-1,591615;1,02539
2008-10-31;0,997357;0,678459;7,075363;4,834951;-5,080404;3,242571;1,032225
2008-11-30;0,983486;1,145001;10,282837;-7,903872;-3,346613;-6,349788;0,934912
2008-12-31;1,011491;1,143384;-3,743601;3,341058;-9,284619;-3,763899;1,047513
2009-01-31;0,96063;1,004742;-13,948551;-7,183755;8,708502;8,925535;1,000728
2009-02-28;1,076471;1,008501;5,597266;0,199275;13,471937;20,466916;0,980957
2009-03-31;1,005115;1,005779;-2,872765;-0,083264;-12,638689;-7,164392;0,979716
2009-04-30;1,006119;1,019647;-0,426542;3,059673;6,829549;-5,390818;1,019999
2009-05-31;1,001372;1,001733;1,041661;-2,72922;0,375918;-22,149802;0,953223
2009-06-30;1,037986;0,976059;0,134162;1,491474;-1,052764;-2,183411;1,027153
2009-07-31;0,997058;0,995422;8,21832;0,623273;-5,970181;6,474531;1,022313
2009-08-31;0,999053;0,977775;-4,961129;-0,478521;5,534593;-0,886697;0,977782
2009-09-30;0,991759;1,036036;8,817264;1,890458;-26,680723;9,334521;1,030423
2009-10-31;1,004402;1,026221;-0,108096;-0,843305;-16,662473;0,985955;0,978928
2009-11-30;1,007281;0,999374;-7,896461;2,150339;2,129861;-0,041928;0,996313
2009-12-31;0,999293;0,948714;-1,080429;0,873016;6,802328;-4,178427;1,026781
2010-01-31;0,995781;1,003771;-28,93892;-15,756078;-4,850528;-4,940109;0,966411
2010-02-28;0,954264;1,02226;-1,382536;-9,063046;2,458014;-1,4885;0,979669
2010-03-31;1,011717;1,131066;0,805538;0,89468;6,578835;6,696785;1,057224
2010-04-30;1,033545;0,948491;-1,495143;1,552151;5,75525;5,086513;0,988209
2010-05-31;0,9891;1,031164;-3,961702;2,933479;-1,147826;-5,754114;0,963886
2010-06-30;1,001573;0,889203;6,679464;7,037242;-1,404827;2,082609;1,045471
2010-07-31;1,008008;1,029986;0,432386;-1,432284;-21,489775;-5,949086;0,975937
2010-08-31;0,984004;1,004901;7,119273;2,540934;-20,281491;5,597691;1,011959
2010-09-30;1,001808;0,95755;6,824119;0,908222;3,965394;-2,949655;1,020934
2010-10-31;1,003976;0,831293;-12,90212;-5,068241;3,759347;-5,036435;0,926651
2010-11-30;1,000741;1,111248;-2,212938;-1,522546;-1,21577;7,439523;1,004401
2010-12-31;0,997447;1,035005;-5,093617;-9,293619;13,474854;6,012369;1,027669
2011-01-31;1,010527;1,030145;2,74465;0,398295;-12,745169;-7,642911;0,972083
2011-02-28;0,991517;0,986986;2,110567;6,363351;-3,634863;1,720493;0,993601
2011-03-31;0,995323;0,759589;18,197477;6,319925;15,929871;-2,171749;1,028475
2011-04-30;1,005188;0,759291;-7,613922;-2,970068;-8,883276;-6,15505;0,971476
2011-05-31;1,008832;0,977538;7,168135;24,346267;2,052526;8,903275;1,056112
2011-06-30;0,996819;1,025975;-19,902243;-9,639826;5,109295;-0,678476;0,988899
2011-07-31;0,981844;1,007708;-1,612618;-9,041719;-29,543699;-3,539492;0,969681
2011-08-31;1,003271;0,995227;9,374769;3,66837;6,671873;12,86689;1,076741
2011-09-30;1,016526;0,678302;-2,883577;4,289575;-11,755597;3,490283;0,989454
2011-10-31;0,994253;1,030656;-3,914573;-5,67091;2,796286;-14,517324;0,931004
2011-11-30;1,003645;0,982478;1,239635;0,124517;4,118359;-2,905465;1,040853
2011-12-31;0,990072;1,007929;-17,89896;3,266061;-4,838728;-1,495239;0,974004
2012-01-31;0,942465;0,992918;3,773257;7,988525;8,13805;3,711612;0,991979
2012-02-29;1,002916;1,00803;-6,803438;-19,998338;-1,889953;-8,04602;1,036257
2012-03-31;0,998295;0,986943;3,438263;2,278897;-6,535733;-16,481959;0,986683
2012-04-30;1,012989;1,003738;2,669031;-8,130467;1,118325;2,855731;0,987735
2012-05-31;1,001106;0,981058;1,353859;0,782028;2,877734;4,344855;1,011137
2012-06-30;1,001074;1,026801;7,973511;0,57434;4,975711;-0,04318;0,997243
2012-07-31;0,984615;0,963235;-6,83245;3,047011;0,831203;1,754096;0,988417
2012-08-31;1,011209;1,006669;-9,124386;-0,708375;-9,265547;-5,588573;1,03145
2012-09-30;0,990947;1,044943;-3,661019;-9,738681;-0,164689;-3,05802;0,936197
2012-10-31;0,995672;1,004294;8,841752;6,642186;2,1455;17,451358;1,043648
2012-11-30;1,009704;0,980648;4,937929;6,616643;-2,205271;21,172198;1,01228
2012-12-31;0,999163;0,989274;4,37782;-3,028257;-61,338758;0,152507;0,948973
2013-01-31;0,946087;0,983223;-0,043925;-2,928407;-0,119054;-3,395258;1,037908
2013-02-28;1,011984;1,022448;-1,003438;-2,386011;-0,884325;6,49056;0,997293
2013-03-31;1,004313;0,987545;-15,964164;-6,440342;1,455107;-0,139282;0,969575
2013-04-30;0,976363;0,999597;2,175603;4,64115;20,476698;1,245822;1,026516
2013-05-31;0,974538;1,00774;-0,784521;1,232602;-27,951706;-7,885177;1,029603
2013-06-30;0,997621;1,022407;-9,612521;-2,098701;-0,398738;-1,352102;0,949809
2013-07-31;1,028052;0,99528;1,563241;14,02123;20,340446;0,649369;1,0965
2013-08-31;1,080529;1,013264;-1,576367;1,821482;-13,997611;0,925809;0,979718
2013-09-30;1,009044;0,880207;-1,044264;-3,994252;6,247238;-6,4967;0,984035
2013-10-31;0,980338;0,959252;3,205877;3,04783;10,3704;6,581161;1,037463
2013-11-30;0,98761;1,124564;-3,352358;-3,38956;-19,024382;-2,875863;0,982467
2013-12-31;1,009345;0,619288;6,402339;1,052214;-1,822681;-1,287489;0,999734
2014-01-31;1,006869;0,336029;0,948212;4,883042;0,652765;6,252894;1,047542
2014-02-28;0,990433;0,896887;2,742186;0,792198;0,931231;0,471062;1,0012
2014-03-31;0,99908;0,989919;-2,705448;-1,880483;-2,606717;-2,363111;0,949332
2014-04-30;0,999674;1,017325;2,466434;5,657019;7,491791;1,477122;1,079466
2014-05-31;1,005629;1,019372;-2,058425;-4,733059;-7,042833;-1,761007;0,95834
2014-06-30;0,98708;1,043356;-0,758915;-5,148906;-13,287401;-5,172737;0,991036
2014-07-31;1,006948;0,76024;3,782452;2,716808;4,178782;8,563083;1,059147
2014-08-31;0,998651;2,19853;-4,258129;-1,628991;3,86422;-0,01848;0,957904
2014-09-30;1,006767;1,117888;2,84566;2,445335;6,165538;2,66748;1,015959
2014-10-31;1,013346;2,09327;-1,25778;1,651951;-7,273625;1,544653;1,032162
2014-11-30;0,987183;0,971093;-5,113813;-8,873929;1,510711;-6,342066;0,95565
2014-12-31;0,989463;0,959756;-1,504281;-0,208677;-6,17371;-1,572584;1,029678
2015-01-31;0,995299;1,174877;1,982619;3,416791;9,628067;-0,673179;0,981018
2015-02-28;1,006207;0,97561;-1,473344;-2,001012;2,010919;5,502264;0,965626
2015-03-31;1,00096;0,715148;1,189753;1,467132;-4,465313;13,995486;1,037428
2015-04-30;0,987318;1,060721;4,277863;4,470393;-8,450707;-3,45308;0,993936
2015-05-31;1,015564;1,038318;-2,259587;-5,924298;7,792557;-1,936688;0,882271
2015-06-30;1,015603;0,921318;2,219885;10,617848;1,482645;4,812406;1,053267
2015-07-31;1,006901;1,04272;1,70209;-0,346596;-3,53064;-4,827378;1,000056
2015-08-31;0,980681;0,9598;-2,349919;-4,297073;6,595806;-4,9452;0,965967
2015-09-30;0,963669;1,03717;3,134608;4,361665;-2,977823;2,068199;1,044685
2015-10-31;0,987451;1,008933;-5,821796;-2,405604;2,317183;0,882424;0,954879
2015-11-30;1,018144;1,001241;-0,133709;0,776894;3,61361;2,405133;0,976968
2015-12-31;1,002394;0,917429;0,811759;3,328028;-5,684388;0,393367;1,031072
2016-01-31;0,998165;0,96709;1,342894;-4,089404;-6,623427;-0,120388;0,950207
2016-02-29;1,061746;1,102757;5,490272;3,13587;2,512074;-7,495513;1,043867
2016-03-31;0,998157;1,043042;-13,844568;-3,6628;11,902822;-29,537297;1,020832
2016-04-30;1,013469;0,834456;-3,432651;-3,533;-16,765669;5,105631;0,994624
2016-05-31;0,985583;0,992377;-0,023429;3,288846;-5,916893;3,473155;0,998902
2016-06-30;0,991065;0,990332;0,391702;1,478025;2,065579;7,297288;1,010668
2016-07-31;1,006331;1,024728;-20,723682;-11,770392;4,168061;-4,993521;0,951163
2016-08-31;1,014164;1,060597;1,831083;3,104102;3,779804;-5,662244;1,041459
2016-09-30;0,984669;0,918279;17,039059;2,49486;-0,923561;-0,612295;1,006126
2016-10-31;1,002893;0,722247;-10,338543;-8,982108;-10,544035;-7,303077;0,938579
2016-11-30;0,992241;1,07675;3,136336;1,985479;8,889906;2,109986;1,022342
2016-12-31;1,016515;1,053843;-2,082491;0,6647;-3,616042;7,364355;1,011743
2017-01-31;1,004109;0,764172;-1,822411;-8,828942;0,440447;-2,514694;0,992581
2017-02-28;0,970829;0,987934;-3,605506;5,677181;-5,331442;5,639475;0,988523
2017-03-31;0,988027;1,004762;8,654455;4,301774;0,301529;12,010781;1,023634
2017-04-30;1,022799;1,07854;-2,350211;-7,792906;-11,980884;-21,547015;0,965442
2017-05-31;1,023993;0,976739;7,196475;6,085898;7,259612;-2,897397;1,028788
2017-06-30;0,995559;0,930034;3,510408;-2,352009;3,019857;-56,969022;1,002481
2017-07-31;0,988678;0,943852;-9,894041;-4,865775;4,480199;-30,566572;0,946447
2017-08-31;0,988841;1,021121;-1,546996;-0,030984;-4,728471;-15,261048;1,029374
2017-09-30;1,009555;1,015037;-1,104367;-3,204551;-1,623618;-8,665591;0,989442
2017-10-31;0,993429;1,113434;2,23431;1,656654;8,857057;-11,779062;0,99455
2017-11-30;1,01452;1,035341;12,844344;11,299063;-9,463035;-2,698878;1,037639
2017-12-31;1,002712;0,957889;3,4979;-0,052593;2,586796;-6,988591;0,965453
2018-01-31;0,987012;1,002226;-3,80455;4,427627;-2,299509;-8,693597;1,02002
2018-02-28;0,988502;0,932026;-4,653599;-6,010519;0,302535;-8,706182;0,9933
2018-03-31;1,017499;0,262578;0,348998;-0,643832;3,960678;-2,043123;1,01293
2018-04-30;1,012053;0,597583;1,429305;-0,102946;16,064159;1,556869;0,996147
2018-05-31;0,983141;0,911405;-0,880037;-1,594479;-3,601531;5,526366;1,002786
2018-06-30;1,008566;1,070334;-3,853727;-1,202376;1,029021;-7,200679;0,968108
2018-07-31;0,998535;1,018109;6,062332;4,684657;-1,461077;14,170126;1,00157
2018-08-31;0,995752;1,039306;22,32444;2,855881;-0,629114;5,026419;1,01252
2018-09-30;0,997116;0,999387;-4,151583;-4,315013;-5,210521;-7,697071;0,922902
2018-10-31;1,005287;1,001044;2,87504;3,303829;2,142967;0,502948;1,037006
2018-11-30;0,992285;0,912731;-1,11356;-0,799767;-1,840912;0,054483;1,022508
2018-12-31;0,99614;1,01734;0,977437;-1,57975;5,005257;-8,552989;0,96134
2019-01-31;1,00751;1,020507;2,05754;-0,393678;0,425169;2,888475;1,025696
2019-02-28;1,019124;1,069093;-0,824953;-0,341037;1,730546;-1,453934;0,997282
2019-03-31;0,995753;0,931168;-2,717924;0,44056;-14,140846;0,778116;0,960109
2019-04-30;0,982;0,94953;-3,014754;1,205738;4,351786;1,115245;1,077373
2019-05-31;0,771927;1,081962;1,602951;2,709799;-5,939658;-0,616058;1,011629
2019-06-30;0,799189;1,044629;-16,453785;-11,470961;-0,078451;8,308632;0,920505
2019-07-31;0,872585;0,965829;0,352402;10,428726;0,137988;-1,504159;1,032151
2019-08-31;0,937067;0,739908;9,543908;-4,909894;-0,001582;-0,87244;0,986019
2019-09-30;0,945698;0,97445;-0,396114;-0,999903;-0,344031;-2,012323;0,988813
2019-10-31;0,974481;0,945443;3,060991;3,315402;0,024605;1,495917;1,032555
2019-11-30;0,974452;1,007816;-5,008377;-2,572671;6,889426;-2,018149;0,971504
2019-12-31;0,964324;1,19826;-4,358099;-1,269995;-1,778743;1,437006;1,001794
2020-01-31;0,976976;1,050504;0,523191;3,117293;3,077918;5,151545;1,005474
2020-02-29;1,040945;0,956193;6,405609;1,499286;-4,371071;4,988863;0,996246
2020-03-31;0,956495;1,147468;-8,599653;-48,696772;-4,754272;-7,112952;0,971683
2020-04-30;0,63327;0,947293;-45,141101;-72,818648;8,877718;-8,545945;1,016301
2020-05-31;0,537573;1,025322;-30,045476;-30,691529;0,695841;-34,389671;0,906135
2020-06-30;0,812459;0,952465;-14,800814;-13,35538;-4,94828;-31,269273;1,029001
2020-07-31;0,875876;1,121173;-8,393959;-9,960985;1,7446;-5,376992;1,034691
2020-08-31;0,908324;0,97936;-14,127423;-7,528697;5,370298;-12,877652;0,965076
2020-09-30;0,929604;0,762622;-6,037891;-3,374889;4,042269;-4,203703;1,009587
2020-10-31;0,943643;0,968797;-27,570894;-15,362507;-9,767382;-1,740792;0,962023
2020-11-30;0,951086;1,184281;-2,232643;-2,117897;-5,772198;-7,549632;0,986423
2020-12-31;0,968593;1,02056;0,019015;-1,219929;1,519875;14,313228;1,040972
2021-01-31;1,001842;0,975461;-24,694726;-4,177611;-4,662957;-4,07989;0,946023
2021-02-28;0,984385;1,025827;-1,538585;-1,598978;3,680618;-1,648575;1,013192
2021-03-31;0,985101;1,025511;20,10977;3,960227;13,25496;4,647345;1,104743
2021-04-30;0,999633;0,363983;7,72358;-3,585149;0,770449;15,424842;1,003429
2021-05-31;1,002393;0,941598;-7,026675;-1,594616;17,232522;-4,541846;0,969124
2021-06-30;0,999537;0,993012;-0,498223;3,044696;0,654815;2,846997;1,018804
2021-07-31;0,987659;0,969183;-9,320163;-9,221091;-4,672458;-12,243774;0,983389
2021-08-31;0,998259;1,008263;5,10805;1,765406;-5,585896;-1,939138;1,008282
2021-09-30;0,994748;0,203712;-1,228082;0,776404;2,398242;-0,901474;1,00436
